"","xrcn","xrid","xrin","xrjp","xrkr","xrmy","xrsg","xrth","rycn","ryid","ryin","ryjp","rykr","rymy","rysg","ryth","ycn","yid","yin","yjp","ykr","ymy","ysg","yth"
"1",NA,NA,NA,NA,NA,NA,NA,NA,-0.47495423174095,-0.172792004095282,-0.448295291641876,0.627658632345194,NA,NA,NA,NA,0.549635922330097,0.631120783460283,0.568663609645259,0.666624601697322,NA,NA,NA,NA
"2",0.84547693009554,0.191238643338772,0.747738056307115,NA,NA,NA,NA,NA,-0.583362534617418,-0.250162667106378,-0.553983941298593,0.515130046556103,NA,NA,NA,NA,0.549635922330097,0.611833153474405,0.567119142987164,0.669376949985818,NA,NA,NA,NA
"3",0.842736985220154,0.0773553729340888,0.620144732920902,NA,NA,NA,NA,NA,-0.420629919573969,-0.121954155113958,-0.394661102146589,0.667800284426115,NA,NA,NA,NA,0.546235052980343,0.629406307977737,0.565535160574727,0.671962822243853,NA,NA,NA,NA
"4",0.940850245448496,0.230908442967309,0.896614685280035,NA,NA,NA,NA,NA,-0.252017913971307,0.0788209708879257,-0.229458982536316,0.82595961760101,NA,NA,NA,NA,0.54285495455208,0.60571323765418,0.563955381859632,0.674821674383682,NA,NA,NA,NA
"5",0.973446922687822,0.308825293628777,0.90954140137607,NA,NA,NA,NA,NA,-0.192791977296421,0.096782038741247,-0.173717478181263,0.87527009601268,NA,NA,NA,NA,0.539494281754459,0.627322998821503,0.562420387333371,0.677326849947011,NA,NA,NA,NA
"6",1.41128124957672,0.485454648235293,1.18592621693881,NA,NA,NA,NA,NA,-0.360952422468046,-0.0345290898286763,-0.345280828124117,0.696783151018292,NA,NA,NA,NA,0.536157092343056,0.600887216023659,0.560846646400621,0.680124223602484,NA,NA,NA,NA
"7",1.47901468171174,0.545066415943499,1.12510086023886,NA,NA,NA,NA,NA,-0.440430891871352,-0.168766912518895,-0.428160534448431,0.607030472146084,NA,NA,NA,NA,0.532843455667424,0.63078626799557,0.559279430247172,0.682901169626833,NA,NA,NA,NA
"8",1.22406168058692,0.564476460508874,0.991702489717927,NA,NA,NA,NA,NA,-0.262161459332668,-0.0628512454152108,-0.253350425567356,0.775565930609365,NA,NA,NA,NA,0.529557532998147,0.673935890698897,0.557756610188541,0.685328482905324,NA,NA,NA,NA
"9",1.23601839993063,0.0939282036027493,0.909188667130008,NA,NA,NA,NA,NA,-0.400403457187616,-0.164092830491554,-0.395012755313482,0.62669823500579,NA,NA,NA,NA,0.526272289604727,0.645426604908878,0.556195550435597,0.688352377441946,NA,NA,NA,NA
"10",1.18871593481546,0.509856026070764,0.953887331365795,NA,NA,NA,NA,NA,-0.57993624560241,-0.414503895471963,-0.577946790727316,0.437083252907784,NA,NA,NA,NA,0.52301734965629,0.688548442314276,0.554638797213055,0.69102705349492,NA,NA,NA,NA
"11",1.15551882403258,0.330964263942091,0.835780025094769,NA,NA,NA,NA,NA,-0.337385927252537,-0.17961418054455,-0.3388508044049,0.669617199717877,NA,NA,NA,NA,0.519794301218313,0.689567645316863,0.553128276826285,0.693682156360532,NA,NA,NA,NA
"12",1.0366661894953,0.307006352096957,0.580824035584573,NA,NA,NA,NA,NA,-0.361978118990648,-0.214108910351487,-0.366846351004754,0.635056563990324,NA,NA,NA,NA,0.51657824933687,0.692121110739378,0.551580013931987,0.696296746362062,NA,NA,NA,NA
"13",0.861666199929683,0.196860493013875,0.397229733109189,NA,NA,NA,NA,NA,-0.205709474875759,-0.0704755807470416,-0.214034706619838,0.780983335988323,NA,NA,NA,NA,0.513391369265841,0.696597627020547,0.550075528403018,0.699194866517344,NA,NA,NA,NA
"14",0.92340363206087,-0.0285432390965266,0.35844436772422,NA,NA,NA,NA,NA,-0.18771331874983,0.009546813488301,-0.199451917108596,0.788656850360699,NA,NA,NA,NA,0.510209824694938,0.650645741376492,0.548535809873409,0.702071835700715,NA,NA,NA,NA
"15",1.13359521091612,-0.196716002044713,0.0928112630399878,NA,NA,NA,NA,NA,-0.192538342344397,-0.00679429231492534,-0.207712642220703,0.773563449599863,NA,NA,NA,NA,0.507036713757691,0.654088558500323,0.547000446467036,0.704906703524534,NA,NA,NA,NA
"16",1.44660343716947,-0.0907102141751635,-0.19566292851881,NA,NA,NA,NA,NA,-0.208808910208451,-0.0158800564425987,-0.227406313648933,0.747573398625181,NA,NA,NA,NA,0.503923830568509,0.645418963175972,0.545506343686949,0.707421489087806,NA,NA,NA,NA
"17",1.23416085196705,-0.152045855610417,-0.0817086929754973,NA,NA,NA,NA,NA,-0.19881464042842,-0.0394411482250601,-0.220836810880131,0.747003376030217,NA,NA,NA,NA,0.500793462846068,0.663297536323437,0.543977475568069,0.710493348445982,NA,NA,NA,NA
"18",1.10556410280514,-0.177060112127511,-0.0753045197688516,NA,NA,NA,NA,NA,-0.159229620970462,-0.0256129536541572,-0.184719163872031,0.776553495805832,NA,NA,NA,NA,0.497698929085427,0.676398267046563,0.54249386744378,0.713224368499257,NA,NA,NA,NA
"19",0.878116633927476,-0.0426203906862406,-0.128690076272648,NA,NA,NA,NA,NA,-0.189841703344128,-0.0938770352676022,-0.218743669217789,0.735899409307845,NA,NA,NA,NA,0.494613541915912,0.697997453408959,0.54097366764623,0.715956533325437,NA,NA,NA,NA
"20",0.894918096492951,0.0694540984102727,0.0395577886181382,NA,NA,NA,NA,NA,-0.143420189169587,-0.0208985940007596,-0.175765606093954,0.771976897441358,NA,NA,NA,NA,0.491565345762768,0.675515886638441,0.539494291442358,0.718942679293153,NA,NA,NA,NA
"21",0.761466077387754,-0.0450826488949816,-0.0578826364814025,NA,NA,NA,NA,NA,-0.143863403414432,-0.0126158927963227,-0.17959980138876,0.761658986235228,NA,NA,NA,NA,0.488528744831266,0.665510350288451,0.537982813692295,0.721591911116336,NA,NA,NA,NA
"22",0.599601399153764,-0.0169978614381732,-0.0564771117346279,NA,NA,NA,NA,NA,-0.20546052686111,-0.108578347027607,-0.244601152746921,0.689806438657134,0.724301004299528,0.211197027490075,0.634937590301066,NA,0.485502793296089,0.684512050572896,0.536473716991009,0.724514598647026,0.714285714285714,NA,0.06,NA
"23",0.540413393859555,-0.087413037738771,0.100978984910588,NA,NA,NA,NA,NA,-0.187791855250601,-0.0910735164649694,-0.228290873924814,0.702101356262346,0.736573713013773,0.224780669843238,0.534523666980203,NA,0.485977247150323,0.68529325465393,0.537727931639582,0.729130282920014,0.804597701149425,NA,0.07,NA
"24",0.540654624436493,-0.440888418614292,-0.0347226067055302,NA,NA,NA,NA,NA,-0.17370044169496,-0.099342143247857,-0.215485972534098,0.71174118868301,0.742054375624767,0.235127183245334,0.57230823376622,NA,0.486446393946297,0.701465556201175,0.538939943862803,0.733090319967598,0.786516853932584,NA,0.07,NA
"25",0.562534990586378,-0.382489758648445,-0.0239533117369026,NA,NA,NA,NA,NA,-0.175352237487073,-0.0803182476209754,-0.218428484375493,0.704575676544199,0.735251366153961,0.232417607791045,0.604815915407602,NA,0.486936623717695,0.687803630784965,0.540179844489649,0.737886412652768,0.760869565217391,NA,0.07,NA
"26",0.589993091270001,-0.303924155660938,-0.0531445322194521,NA,NA,NA,NA,NA,-0.129252666893746,-0.0181158218977373,-0.173625431497815,0.744720488924484,0.776228795567779,0.261612948854259,0.550464858089732,NA,0.48742012393395,0.677488766533764,0.541417714984171,0.743030511191253,0.842105263157895,NA,0.08,NA
"27",0.616986337412275,-0.156974944793836,0.130695382802302,NA,NA,NA,NA,NA,-0.129341917954328,-0.0537561937726465,-0.175079219379045,0.677099078457903,0.767671184176071,0.263403613319104,0.582443956363078,NA,0.487896938005213,0.702694235588972,0.542687363570216,0.79571973362172,0.816326530612245,NA,0.08,NA
"28",0.532491891104413,-0.137280099154395,0.180676080160468,NA,NA,NA,NA,NA,-0.133042005612537,-0.0508705419633357,-0.18006917321343,0.706020738322964,0.758929853459989,0.262563483384203,0.609862859418191,NA,0.488368450985941,0.698756319201067,0.54391294971378,0.770925110132159,0.792079207920792,NA,0.08,NA
"29",0.501650110124545,-0.184347612848134,-0.108313470818981,NA,NA,NA,NA,NA,-0.141456713922751,-0.0732279499692112,-0.189841236129674,0.675706682691837,0.742280753472297,0.24262171990585,0.523456458286178,NA,0.488833359362799,0.709241633404974,0.545170221686692,0.788744225115498,0.857142857142857,NA,0.09,NA
"30",0.332566333334479,-0.465857250604823,-0.205182764748188,NA,NA,NA,NA,NA,-0.152537319519968,-0.112227890729176,-0.202228555104781,0.676661193523386,0.726289877426452,0.222963852352086,0.541539766707914,NA,0.489319030105635,0.730046805665309,0.546425419906629,0.780082757088506,0.833333333333333,NA,0.09,NA
"31",0.303797868015216,-0.330402756693933,-0.0595231261033327,-0.142275948242338,NA,NA,NA,NA,-0.151176630200958,-0.104267389732456,-0.20216510254281,0.627891637056815,0.722766267991988,0.230435250889775,0.465917350118406,NA,0.489798031543266,0.725954451096603,0.547670321064996,0.820988165190764,0.900900900900901,NA,0.1,NA
"32",0.322292270358294,-0.358210479073147,0.0295534309406928,-0.338314377100594,NA,NA,NA,NA,-0.163708887100375,-0.111793506217639,-0.216065946756882,0.583613493547892,0.702127134960023,0.211922483168551,0.48975370170062,NA,0.490271739130435,0.723027902683065,0.548950772966289,0.848288900457572,0.869565217391304,NA,0.1,NA
"33",0.296561465573598,-0.35001424061182,0.134790513890237,-0.426399817575811,NA,NA,NA,NA,-0.138511357759607,-0.136818166651701,-0.192137255035516,0.649904886711261,0.722555331629663,0.232549699916188,0.44638757545628,NA,0.490759325321047,0.761023343551049,0.550194381390078,0.814945652173913,0.932203389830509,NA,0.11,NA
"34",0.427107938306315,-0.215512401185276,-0.174611629140223,-0.285333988346041,NA,NA,NA,NA,-0.0903312992122407,-0.0476717320698321,-0.145270331103579,0.681479518835475,0.762888659064716,0.277388697571582,0.528882654523782,NA,0.491239817587325,0.73119212962963,0.551456726966267,0.829402409768457,0.901639344262295,NA,0.11,NA
"35",0.369261772627919,-0.141138369794574,0.22024076014437,-0.145510089402039,NA,NA,NA,NA,-0.0354617125195378,0.0316635712423636,-0.0917472617806934,0.745371219614833,0.813049075247562,0.330844975338593,0.52995967488081,NA,0.491710625470987,0.714203894616266,0.552729005534988,0.822740867336039,0.952380952380952,NA,0.12,NA
"36",0.318259218175547,0.0486064569963895,0.0977672818712456,-0.151166542087535,NA,NA,NA,NA,-0.0398662464145718,-0.0455408997607691,-0.0974158359232633,0.743687990470399,0.800857900237085,0.326025341215357,0.557805061375612,NA,0.492201290931821,0.768903752409024,0.553980370774264,0.821323743290055,0.923076923076923,NA,0.12,NA
"37",0.351331349834865,0.18864117629633,0.220310775262049,-0.0346446770726097,NA,NA,NA,NA,-0.0624854144025542,-0.0666238415581044,-0.14810840996246,0.693252530213893,0.770618572274877,0.293436355401078,0.486427862039507,NA,0.492683552969365,0.768475669611555,0.570311091885657,0.845318076842326,0.970149253731343,NA,0.13,NA
"38",0.29483094248645,0.210147381517294,0.346927381879264,0.180736625541159,NA,NA,NA,NA,-0.0619645894090395,-0.0484275595582957,-0.112592851543618,0.631394652994661,0.766581768428934,0.296235951541237,0.524544280967255,NA,0.493157476662917,0.755738114401488,0.551228109058801,0.900592735723425,0.935251798561151,NA,0.13,NA
"39",0.216407085170597,0.177615592015839,0.269162343629845,0.110352318700505,NA,NA,NA,NA,-0.0495086338695749,-0.0360809366954289,-0.141850905634532,0.607467521346116,0.771574083252223,0.302003706131929,0.49226322066085,NA,0.493651008744311,0.756577140660186,0.575283511824366,0.934897117205947,0.979020979020979,NA,0.14,NA
"40",0.167601731297849,0.15826826106545,0.232496117702974,0.130909376692938,NA,NA,NA,NA,-0.061388255319752,-0.0378328935066448,-0.16003990307483,0.652435481810222,0.755243883532702,0.284667731495379,0.439958326069373,NA,0.49413484687567,0.749687516982773,0.579492083134123,0.88409855861874,1.02040816326531,NA,0.15,NA
"41",0.195932237924075,0.182541966996062,0.199229631691698,0.0928588973895863,NA,NA,NA,NA,-0.00464693733737587,0.0301569502319521,-0.0729526738088402,0.674088068666099,0.804513922026169,0.337734149700983,0.531109451277652,NA,0.494610370581573,0.742015270459189,0.56271200621943,0.916552319967475,0.986842105263158,NA,0.15,NA
"42",0.310272178532954,0.0751950950092297,0.109907924673869,-0.063098593949082,NA,NA,NA,NA,-0.0281943501781252,0.0455102207065421,-0.139167401076444,0.56995596376979,0.77371145709505,0.31152147871869,0.476388872126004,NA,0.495105263157895,0.71441870361997,0.587828564119052,0.99446401610468,1.01910828025478,NA,0.16,NA
"43",0.23453871223033,0.0467152537612194,0.128627325876186,0.00563286125959817,NA,NA,NA,NA,-0.0489539570988566,0.00739667366066299,-0.0608039396468851,0.606621825968013,0.748558019740005,0.290129635174785,0.427254656794199,NA,0.495550802531029,0.727579036036747,0.532834976117507,0.93981018981019,1.04938271604938,NA,0.17,NA
"44",0.0842185408698104,-0.117809587204069,0.133331912954408,0.179290978593788,NA,NA,NA,NA,-0.0919128420631812,-0.0642958980777131,-0.178319132730938,0.507518633090632,0.698382813086982,0.239358563939894,0.358448110591966,NA,0.496003583622636,0.749472477661708,0.574604137094663,0.994992811462,1.07784431137725,NA,0.18,NA
"45",-0.127540142539839,-0.0498381862473019,0.0961631499759279,0.234484320443963,NA,NA,NA,NA,-0.109345363090859,-0.101859001846334,-0.218192943642386,0.495234832399823,0.67377146338731,0.215306119374034,0.377190499765682,NA,0.49643883317054,0.765383723028538,0.588160438033527,0.990751672569854,1.04046242774566,NA,0.18,NA
"46",-0.454639128935838,-0.0542731659964972,0.16979187511594,0.301427317999448,NA,NA,NA,NA,-0.116855504661592,-0.111676603654924,-0.238285732120202,0.384065358621326,0.659171178388445,0.202862343131153,0.344998519744911,NA,0.496882563231515,0.767837555164409,0.596140178605149,1.09994634408078,1.06741573033708,NA,0.19,NA
"47",-0.465431804162068,0.0835097946495718,0.217569636112649,0.242735676519653,NA,NA,NA,NA,-0.122677761616643,-0.108027384395308,-0.216572297297653,0.375493031830359,0.649039966954066,0.194171831666972,0.32194196092404,NA,0.497333333333333,0.761289345483,0.580475114905693,1.10397605195181,1.08695652173913,NA,0.2,NA
"48",-0.391928746201774,0.12402946781395,0.128605849776232,0.148732810474161,NA,NA,NA,NA,-0.122357316460681,-0.10226777527207,-0.13701798848429,0.443203824212735,0.642393473493481,0.19240624894757,0.306459279175562,NA,0.497780499005051,0.757840591290451,0.5367389184473,1.03295810329581,1.10526315789474,NA,0.21,NA
"49",-0.50023319876174,-0.17044180399107,-0.0758104579063921,0.168053143944942,NA,NA,NA,NA,-0.0825948677694135,-0.0622289065753985,-0.262410430996328,0.473802930915001,0.675273912698186,0.231834814909903,0.331706756757779,NA,0.498235906287281,0.758324276257287,0.633703474729396,1.04342067921672,1.12244897959184,NA,0.22,NA
"50",-0.566479904771714,0.0338423100027265,0.0969481506180667,0.0698985431290984,NA,NA,NA,NA,-0.060019569560378,-0.0311170902012747,-0.239224572972799,0.33511677336244,0.691050625405872,0.248429632159149,0.340913160544152,NA,0.498699396418921,0.752577823388555,0.633905829642283,1.22715160581553,1.13861386138614,NA,0.23,NA
"51",-0.55999312303751,0.0696928656974469,0.192487713766572,0.0995324348615689,NA,0.0994284724255908,0.326439377403264,NA,-0.0221552640643234,-0.031449092051528,-0.117647443228805,0.46235885710869,0.722147958193793,0.282204187178996,0.366382740156366,NA,0.49914568571285,0.782579273008507,0.583521963340538,1.12323447143947,1.15384615384615,NA,0.24,NA
"52",-0.597196184565555,0.052350952156111,0.00125182905165699,-0.0468288540944775,NA,-0.00822367497353708,0.270006042412524,NA,-0.00144476396469129,-0.0295359244414912,-0.128813370021548,0.452543018273112,0.736172597822446,0.300112819093486,0.380280963936286,NA,0.4996,0.798154611081895,0.602970508982545,1.15910546053233,1.16279069767442,NA,0.25,NA
"53",-0.576568689907311,-0.0958957370880844,0.0644367160402783,0.0317937457508783,NA,0.105779513047713,0.354691961077097,NA,0.00798397045361732,0.00640910800288208,-0.132736796483468,0.440417751540384,0.740514983966267,0.304513968016334,0.309362382310759,NA,0.500070852693521,0.778001182732111,0.611651370878666,1.18547622273405,1.26126126126126,NA,0.28,NA
"54",-0.7409998424818,0.00812057930009535,0.092555927960281,0.0439202435267552,NA,0.175591679220196,0.449495499344747,NA,-0.0149054164430855,0.0159761557453237,-0.228654169417,0.48491800906191,0.710015027982495,0.27741059366379,0.354885070605372,NA,0.500571078225356,0.753908810036513,0.658648665885678,1.10932834157864,1.17903930131004,NA,0.27,NA
"55",-0.727387220856229,-0.0543333851451608,0.115747388666655,-0.0218896695228894,NA,0.137697224436038,0.410866346768902,NA,-0.0101176404190184,-0.0226292098962313,-0.230941146978059,0.435765805877624,0.709869991591288,0.279069189572446,0.390738429745683,NA,0.501049743587222,0.788096340898564,0.663959262126592,1.17192828071719,1.14406779661017,NA,0.27,NA
"56",-0.757737893673748,-0.0178977306595414,0.0755221987364618,-0.109477560386055,NA,-0.0140860368385408,0.255308378416757,NA,-0.000255754841504086,-0.0139645763775544,-0.218687002987983,0.450393164518171,0.712268199702732,0.288107525996803,0.363439020859575,NA,0.501531608837126,0.789799285125103,0.663009809839023,1.16747847264504,1.18852459016393,NA,0.29,NA
"57",-0.66206576449313,0.0759558060758998,0.0323916218579399,-0.10743894325262,NA,0.0203353301978013,0.23982679991333,NA,0.00166286345262368,-0.0124538536144676,-0.191421102712692,0.480048142765729,0.709401652724301,0.284348273240787,0.360709735574255,NA,0.502017795497642,0.790887453247195,0.647042149533942,1.13664261871433,1.19521912350598,NA,0.3,NA
"58",-0.589202198917137,0.0215049512483336,0.0126617278301646,-0.113591890525542,NA,-0.0806917222904858,0.120439510535261,NA,0.0390932532225006,0.00989296636911141,-0.17507486081208,0.403869496638638,0.739559656361691,0.318064093845788,0.365950678076258,NA,0.50250697456279,0.803689655946316,0.661473245582425,1.27463751094407,1.23552123552124,NA,0.32,NA
"59",-0.600777973894296,-0.065339581930342,-0.00233520414506394,-0.214237871726024,NA,-0.106603340023069,0.147579717952973,NA,0.0458573259116495,0.00393054946651472,-0.0987703768266912,0.390235879196414,0.739155825522859,0.322152316545338,0.377080773573051,NA,0.502999050400875,0.814780251522019,0.617641312841886,1.30217805032776,1.23134328358209,NA,0.33,NA
"60",-0.869543792349657,-0.0925147498185019,-0.0765752635592798,-0.142455616965973,NA,-0.0764754055024041,0.171810823025613,NA,0.0526688606075227,0.0229418514065327,-0.0991683490714643,0.403089395831617,0.741497258000475,0.326869735783553,0.299879214469841,NA,0.503493928954786,0.805692415977477,0.622722359231282,1.29560747272955,1.34057971014493,NA,0.37,NA
"61",-1.10605152813749,-0.032271382958597,-0.00210927269274297,-0.0977101421791655,NA,-0.028028431864282,0.195672929559773,NA,0.0741125000911289,0.00863790928844166,-0.199533992749541,0.439146052525261,0.755903177604734,0.343076666622833,0.354351781206111,NA,0.503967744542865,0.835800748933206,0.704050906564064,1.27801395022494,1.29824561403509,NA,0.37,NA
"62",-1.09204265928944,-0.0396779355131232,0.0252274909151109,-0.120403043871342,NA,-0.0417477743931834,0.162705398725956,NA,0.0979612781223511,-0.0145776276798735,-0.170296264536012,0.461468679980062,0.77286008658966,0.360677059055803,0.283531750917149,NA,0.504468085106383,0.876947275430394,0.700962243079178,1.28123663469176,1.42857142857143,NA,0.42,NA
"63",-1.05656122880008,-0.130910243562293,0.0699840286501883,-0.185667511705987,NA,-0.0927647543518293,0.082848419747714,NA,0.102405305067489,-0.0445275416361441,-0.156458348042292,0.427914921410382,0.772346848790655,0.36437465867395,0.367883417279045,NA,0.50495484751977,0.908509413445342,0.695078349009514,1.33214170951157,1.32013201320132,NA,0.4,NA
"64",-0.762859913322597,-0.154430881794235,0.0603120040356204,-0.149594641631856,NA,-0.0713256016765082,0.129586949343896,NA,0.0912891542440835,-0.0577731328211362,-0.165610642885521,0.406828988451208,0.743652214338328,0.341414470619993,0.39891165586894,NA,0.505186980110181,0.9108646321549,0.69403356201066,1.34610783219014,1.26623376623377,NA,0.39,NA
"65",-0.890214451594032,-0.172729333620371,0.00365346075687301,-0.19328590425035,NA,-0.106786475613683,0.113067494081479,NA,0.0987670049528404,-0.0688513840718197,-0.14386590784252,0.404010886803488,0.720115799923384,0.289912808338581,0.439323708157227,NA,0.505683621692988,0.928836750540387,0.684874792594881,1.36137592137592,1.22641509433962,NA,0.39,NA
"66",-0.886067162285459,-0.112857518777265,-0.0273973470226268,-0.136843454528478,NA,-0.0956804284124182,0.100150689038894,NA,0.113153906424134,-0.0640373485428043,-0.142928798249635,0.440637132251826,0.701732306408799,0.247480812014758,0.45736849175569,NA,0.506223424464622,0.938772119298829,0.69488942410176,1.33285526009768,1.22324159021407,NA,0.4,NA
"67",-0.863403161382674,0.0195106175999693,-0.0403515628306037,-0.0337726061199692,NA,-0.0123771743915666,0.16668069816344,NA,0.0438087480460467,-0.127719907394487,-0.224220073092717,0.356354882060848,0.53636083826074,0.158529753938538,0.391625012621856,NA,0.506802522086257,0.934539101839482,0.704044912387783,1.35446135025614,1.2202380952381,NA,0.41,NA
"68",-0.735605794896903,0.0584427333921016,0.0852455491562045,0.0338455794798831,NA,-0.0205006603841554,0.171181042246792,NA,0.0581270954881417,-0.111784605599647,-0.209933399211211,0.267214734980937,0.495276948909813,0.134955947722427,0.461096832055051,NA,0.507377178710457,0.934087165198999,0.704865544777115,1.50380052434033,1.15606936416185,NA,0.4,NA
"69",-0.529080487100495,0.0068421020119267,0.0776399509246941,-0.109698870269212,NA,-0.0569576865359335,0.141236316515249,NA,0.0325931289642654,-0.130377127336175,-0.238533887253376,0.169047438540535,0.43695734602236,0.0621026314723483,0.416424505263266,NA,0.507966000576784,0.928702231702654,0.707850871208395,1.61896776597727,1.17977528089888,NA,0.42,NA
"70",-0.919941658352272,-0.0852690666144351,-0.0792670540145766,-0.306366374787862,NA,-0.0964377679330843,0.100844370291472,NA,0.0137453307668713,-0.153506267488745,-0.180052360414872,0.139783410345589,0.339194588629169,0.0581951202512401,0.35469486026978,NA,0.508547650620905,0.933754826834197,0.655926352128884,1.63779266065202,1.23287671232877,NA,0.45,NA
"71",-0.970583509192923,-0.14093144014457,-0.365848368423752,-0.557874802129418,NA,-0.253196924097345,-0.0291877781346363,NA,0.00495654492045761,-0.210605303582918,-0.182830837522411,0.0844476887409236,0.26970710611442,-0.010502286438792,0.374059503621612,NA,0.509119964851145,0.981075003482518,0.652729605169383,1.7177599531187,1.2,NA,0.45,NA
"72",-1.35589897095516,-0.471680006329122,-0.708205255774345,-0.719398847455631,NA,-0.515862118164412,-0.264815171676403,NA,0.0100469852082781,-0.221637852562355,-0.197895533147636,0.0832474847792362,0.320099697369535,-0.0670162046302234,0.344672058287327,NA,0.509705428734545,0.998167596004177,0.666784823587497,1.73058763710322,1.24352331606218,NA,0.48,NA
"73",-0.813121983643897,-0.572808761797984,-0.174902661756547,-0.402319953286932,NA,-0.305042845818869,-0.0811874439908924,NA,0.0297133492165895,-0.175162106167829,-0.168975933848277,0.0944473163432309,0.381859371235724,-0.00983341517013159,0.277385621061323,NA,0.510281555800413,0.972861264914607,0.661390099022394,1.74727465383165,1.35802469135802,NA,0.55,NA
"74",-0.660044917918455,-0.382579800457046,-0.136268263847116,-0.353498953899217,NA,-0.161439109950709,0.0117077708698409,NA,0.0620334758016945,-0.144960084421367,-0.184511028463787,0.0909253773173757,0.427735957883577,0.00537383062435448,0.260237394336644,NA,0.510881682904367,0.976070650392395,0.694626597512841,1.81316634439694,1.42857142857143,NA,0.61,NA
"75",-0.613165572635747,-0.234780071742556,-0.0584710745113961,-0.217371982144716,NA,-0.108150351723735,0.0593046154019322,NA,0.0892240418967249,-0.128617303845033,-0.15010645311337,0.132845977212277,0.472892522219478,0.0172802950851383,0.270801218031802,NA,0.511450141223658,0.987814412936936,0.690400941934684,1.78864209641256,1.45413870246085,NA,0.65,NA
"76",-0.939117534480595,-0.131280078684299,-0.0424204277178815,-0.206150902337201,NA,-0.0752899738329495,0.0966486466990033,NA,0.110981183248909,-0.129255785978536,-0.124510696480348,0.154336375813598,0.468240587372421,0.0821666338989158,0.300751179249109,NA,0.51205002061174,1.01137156542893,0.688562506518445,1.79121772366441,1.44396551724138,NA,0.67,NA
"77",-0.87026740090659,-0.053514145597032,-0.134916699853584,-0.00282117222995204,NA,-0.0718484891746813,0.103055788025058,NA,0.1707743083581,-0.0910717174057736,-0.0830318828872003,0.194555318383144,0.533945229833628,0.100875403638644,0.271595715999111,NA,0.512618411641926,1.03461136804416,0.70206769200865,1.82865235641402,1.58004158004158,NA,0.76,NA
"78",-0.533870698539052,0.00959541541338371,-0.105198656169528,0.0372497612910463,NA,-0.100922724220161,0.0807345820908778,NA,0.160220716660539,-0.127283985221402,-0.10374157238962,0.175900358527036,0.514129438007928,-0.0159810052765059,0.216836602631543,NA,0.513217959719663,1.06274314582296,0.710063796908165,1.84568326582746,1.65338645418327,NA,0.83,NA
"79",-0.577839443515079,0.0158106900785402,-0.181870015737279,0.0268186366452898,NA,-0.122027844090062,0.0609204135790261,NA,0.174762615490183,-0.159086639582785,-0.0934153309304246,0.195684940894987,0.498343966626844,-0.0191681270965707,0.271592864030898,NA,0.513806904176752,1.11443203149204,0.713881778677302,1.83813919632074,1.59003831417625,NA,0.83,NA
"80",-0.551810881058046,0.0516666515484698,-0.204915062966782,0.0852472168649507,NA,-0.100881519709783,0.0779849962114965,NA,0.148400352608719,-0.220722827856868,-0.113769257883259,0.138382433582193,0.457199749187082,-0.0731874140489379,0.150761191116039,NA,0.514385335107645,1.1557436082103,0.710404252936565,1.89803499853358,1.74953959484346,NA,0.95,NA
"81",-0.539434511664993,0.0626322518385054,-0.180178140548014,0.108512164345561,NA,-0.0797363801546165,0.0985125046386459,NA,0.139522103964387,-0.245351998007192,-0.136859617614956,0.0912331166938554,0.480414708171853,-0.232071157160469,0.00746050442226043,NA,0.51497390077979,1.17543516526501,0.721397171002926,1.97433921058548,2.00354609929078,NA,1.13,NA
"82",-0.471031608960922,-0.0165938676105046,-0.193807519064578,0.103087032750244,NA,-0.0667156737800113,0.11072928298678,NA,0.0706408340915794,-0.314505472355327,-0.21417077917739,0.0639059450988178,0.479593448295854,-0.371563454335246,0.00887946858917243,NA,0.517621077689255,1.18179903096693,0.731243845174183,1.90371437162708,1.87713310580205,NA,1.1,NA
"83",-0.37309765644236,-0.0450723469797389,-0.232310486910254,0.0270430146791121,NA,-0.16632087566007,-0.0171408918933806,NA,-0.0996389674761455,-0.43858529695322,-0.366986109526887,-0.0510540447298058,0.348540134091569,-0.494409487831611,0.0348702450376688,NA,0.52067967890469,1.13510989676103,0.722830011502487,1.81190479901495,1.55172413793103,NA,0.9,NA
"84",-0.691205912778665,-0.161970900002633,-0.316555486566537,-0.106343118717007,NA,-0.152118037773514,-0.0442484619304341,NA,-0.10061870531119,-0.355988976675384,-0.34309663621494,-0.0685784941591496,0.366970645568906,-0.40422366317365,0.176480085549882,NA,0.527692052564948,1.05815969271559,0.714571251618715,1.86694093086086,1.36363636363636,NA,0.78,NA
"85",-0.699706487520106,-0.266994460360107,-0.334223910558237,0.285626250621015,NA,-0.0276519619662665,0.0604599903008425,NA,-0.029435543526406,-0.243523311126031,-0.255759776879801,-0.061665557669356,0.35306429484238,-0.287541759980395,0.138829998618461,NA,0.532004159356343,1.0236628091445,0.708866662780336,2.00713810416793,1.53284671532847,NA,0.84,NA
"86",-0.319109414574726,0.1303712279229,-0.245901866665823,0.331712295441636,NA,0.404299352129035,0.490632142280663,NA,0.0623024882721919,-0.197288928120162,-0.206060609160958,-0.0534700101733402,0.312416871263505,-0.296048843405652,0.0582335079791707,NA,0.505605202266018,1.01815855518921,0.702616436631208,2.07374714837401,1.73076923076923,NA,0.9,NA
"87",-0.429822829519128,0.209466281381125,-0.251471412115863,0.34294599996262,NA,0.440100134757075,0.543399194770987,NA,0.122030486281171,-0.153114193546448,-0.144609639963014,-0.00571673758773938,0.323837458302312,-0.222694104087798,0.0249605987649042,NA,0.499398768964573,1.02142396907216,0.692796941899327,2.07296654231413,1.87613843351548,NA,1.03,NA
"88",-0.27501057153411,0.297958675104045,-0.264749529762946,0.318007062987648,NA,0.43605429199664,0.551392996981558,NA,0.110180921318992,-0.127194657108507,-0.0930358407745224,0.0121496282155669,0.300515956635006,-0.15022361448437,0.00123257283094547,NA,0.532345359298575,1.04845341261307,0.69311859443631,2.14502734454122,2.02380952380952,NA,1.19,NA
"89",-0.230978384358566,0.502542032446127,-0.249113139501271,0.300588265178437,NA,0.438123686860029,0.560530192289008,NA,0.118918635687781,-0.175488106580371,-0.0683196594636173,-0.0100019661663363,0.243605304293978,-0.1078093464463,-0.024403922871624,NA,0.539112507363047,1.12409597417513,0.690802856865375,2.24044261289909,2.12121212121212,NA,1.33,NA
"90",-0.359677854102576,0.522940973137108,-0.254201539172811,0.215941593277804,NA,0.454465898181298,0.579908999956415,NA,0.208619506609019,-0.149516570966485,0.0121493757241526,0.0055332006418285,0.244716970694848,-0.00608225065084711,0.0807783989657829,NA,0.523059134198458,1.16239055957366,0.676448663926534,2.34107303877367,2.02643171806167,NA,1.38,NA
"91",0.11959250746953,0.522893447931085,-0.197254563330462,0.110213170765187,NA,0.504016182050453,0.626070006592294,NA,0.22346039449501,-0.142768844752692,0.00398175381296628,-0.104547193888836,0.274445516399801,-0.123025166572496,0.0965471198261807,NA,0.510247896310602,1.14313447323229,0.675239351994834,2.58760522415191,1.9749652294854,NA,1.42,NA
"92",0.0989851197934619,0.350120295022038,-0.2715641634218,-0.059853509689761,NA,NA,0.596873795630241,NA,0.280510495126498,-0.137970796109013,0.028814088462688,-0.143852718056193,0.317976802570471,-0.0554521276079643,0.135693048533311,NA,0.50068804502443,1.18188738910198,0.684282985294007,2.79595858661559,1.97297297297297,NA,1.46,NA
"93",-0.196815597194099,NA,-0.234993839043102,-0.0324508477229166,NA,NA,NA,NA,0.357233920377138,-0.128487060671432,0.0741696595895713,-0.0959253520544908,NA,0.139361212195215,0.186466411830551,NA,0.491291750858905,1.24036691971475,0.692836689026919,2.82363758628735,1.98684210526316,NA,1.51,NA
"94",NA,NA,-0.308415148531444,NA,NA,NA,NA,NA,0.498663135567521,NA,0.201716662525963,0.0364335915518106,NA,0.115547397277032,0.304918166342257,NA,0.482075408550637,NA,0.689342971130773,2.79591284341589,1.99488491048593,NA,1.56,NA
"95",NA,NA,-0.611505285505939,NA,NA,NA,NA,NA,0.586837175914247,NA,0.265351803601718,0.114610064121918,NA,0.226008456884057,0.375326100039977,NA,0.47303788678671,NA,0.693223709740008,2.7710634206274,1.99257425742574,NA,1.61,NA
"96",NA,NA,-0.805177359070814,NA,NA,NA,NA,NA,0.579677136540295,NA,0.236944932501473,0.117394458633039,NA,0.240895805083376,0.351502213357098,NA,0.464158177506865,NA,0.694817695160513,2.69214057171449,1.98802395209581,NA,1.66,NA
"97",NA,NA,-0.789621906695829,NA,NA,NA,NA,NA,0.522461990842253,NA,0.185875811346021,0.352601536134829,NA,0.205648980598409,0.279816449257799,NA,0.455451620736847,NA,0.677607074143928,1.97186246795083,1.97916666666667,NA,1.71,NA
"98",NA,NA,-0.825090247670884,NA,NA,NA,NA,NA,0.483454125303936,NA,0.174445640389921,0.65789187268451,NA,0.189600232166719,0.220421760687185,NA,0.446917958926094,NA,0.646824774185087,1.37130912628507,1.98208286674132,NA,1.77,NA
"99",NA,NA,-0.905162936801165,NA,NA,NA,NA,NA,0.45178643569789,NA,0.160135137346908,0.53989467201081,NA,0.179380024840856,0.175007827863062,NA,0.438536522667283,NA,0.623772863162654,1.46691773261477,1.97183098591549,NA,1.82,NA
"100",NA,NA,-0.904370370302198,NA,NA,NA,NA,NA,0.523257853793504,NA,0.216873334511111,0.501866816462261,NA,0.281513113864766,0.223925522450602,NA,0.430303984879509,NA,0.621147344706219,1.60594359699762,1.97894736842105,NA,1.88,NA
"101",NA,NA,-0.898100972816017,NA,NA,NA,NA,NA,0.567674154487489,NA,0.236871127383973,0.451580526849338,NA,0.120683656352403,0.238838677733158,NA,0.422238729763158,NA,0.624571488122336,1.73237456612881,2,NA,1.94,NA
"102",NA,NA,-0.796746504749768,0.46628557114911,NA,-0.700570656788791,-0.603402093512156,NA,0.624089280604605,0.349560438012851,0.272778580598805,0.43495232011284,NA,0.0299794501145041,0.277316578970235,NA,0.414318142646018,0.846886234641874,0.625553428344738,1.82868962160847,1.998001998002,NA,2,NA
"103",NA,NA,-0.722553220167295,0.48709811676158,NA,-0.772458290947381,-0.607879521540721,NA,0.621991267487528,0.308874917939574,0.30953799745435,0.386718393873806,0.541813586067719,0.0956959506897241,0.321643946572225,0.634690163033428,0.430283184943167,0.914121321290189,0.624898186994106,1.98882694901699,1.98086124401914,0.873584812379493,2.07,17.67
"104",NA,NA,-0.547324749171379,0.526299900425797,NA,-0.689825628342456,-0.538646603313556,NA,0.521838209040901,0.251301275761661,0.292178644873946,0.279937178140696,0.543814537687349,0.116044616964298,0.301205553364785,0.594954585223246,0.47134651408482,0.95961661341853,0.630141873740766,2.1931154438294,2.00364298724954,0.900849043027774,2.2,18.78
"105",NA,NA,-0.506134982872984,0.582381282710204,NA,-0.553764284806759,-0.446714540436245,NA,0.449237134798872,0.208774796670398,0.250089175755821,0.189720754458976,0.366996888698378,0.101851490216236,0.269933397019148,0.530327397595806,0.499226288794228,0.986265120967742,0.647357919804338,2.36411658403225,2.03623813632442,0.946555653751337,2.36,20.35
"106",NA,NA,-0.486883732177574,0.523775865793926,NA,-0.50069644342987,-0.386488405426383,NA,0.469834858799047,0.213568052812048,0.255967381455664,0.178085262847824,0.264318626129636,0.133169666780935,0.301678164416286,0.553099803995839,0.508030933967876,1.01964778062048,0.668543670671728,2.48462189293636,2.04918032786885,0.961157173756308,2.5,21.33
"107",NA,NA,-0.406186746332502,0.515001105694358,NA,-0.431734970641397,-0.34258417974786,NA,0.473598802663194,0.220848227561105,0.267643219267083,0.146665933679822,0.246690598148822,0.151419367908716,0.318460811628264,0.572840270378064,0.519250543620002,1.03850813112588,0.677923193193466,2.63043159048039,2.06734534064213,0.966813483930051,2.64,22.17
"108",NA,NA,-0.392035757903882,0.560595102168113,NA,-0.390232148326538,-0.304743050736329,NA,0.451446089680307,0.253335579439201,0.275082366411199,0.109463245466352,0.265161511202451,0.175606713950661,0.343103257760767,0.585312556725064,0.546450752772087,1.03479445120702,0.692632681139128,2.81019981905709,2.07617625093353,0.982832074914582,2.78,23.3
"109",NA,NA,-0.428120147130151,0.596610099204069,NA,-0.364281490758071,-0.263585628032307,NA,0.402041700807164,0.237082471699911,0.271709198434698,0.0467168484841594,0.247910380433713,0.176674665910953,0.350897998946741,0.603126508258757,0.573607843199558,1.05080159963925,0.694345981892438,2.98947973937188,2.05819730305181,0.964607911172797,2.9,23.63
"110",-0.938610139175734,NA,-0.450511156254326,0.589713325890395,-0.665313849902653,-0.376742175930334,-0.256643575549299,NA,0.339589233441336,0.237249853393027,0.255964125786356,-0.0123337823923988,0.208112448960997,0.203686496202495,0.353014244552339,0.60713712554778,0.607805095750649,1.04586234288117,0.702167006052841,3.15694831253701,2.04453441295547,0.956391096350769,3.03,24.19
"111",-0.923963117103613,NA,-0.50154919407326,0.599687442263123,-0.670377610894466,-0.340038357592527,-0.232101782831625,NA,0.351062706934532,0.28044216126746,0.277859852609334,-0.0272091867124707,0.241215774162613,0.247465429691365,0.431694879938977,0.610838681561532,0.630575179648889,1.05116706910429,0.720919257959434,3.36266171342914,1.98325820991629,0.999961687291675,3.08,26.1
"112",-0.90911626861309,NA,-0.505762042864342,0.605195055752023,-0.706004677345848,-0.305509563848702,-0.207366055518987,NA,0.408741468185174,0.282868657738919,0.2887202761721,-0.0873790233282693,0.281428720061346,0.244269485001485,0.464602294292677,0.565099707762976,0.617654207262001,1.08811809454809,0.739993839941907,3.70572089769119,1.99134199134199,1.08618960971443,3.22,29.25
"113",-0.961305972743026,NA,-0.473217719584094,0.605331768132893,-0.741882673410098,-0.265870144255996,-0.169492268213334,NA,0.511852154478781,0.252127068662773,0.260555290597213,-0.197493602885825,0.278985534178409,0.202645090917659,0.412349895173524,0.514132129908312,0.556772638240169,1.12134646230618,0.760629009207,4.13435479396513,2.09677419354839,1.14222974189136,3.51,31.73
"114",-1.04071728327312,NA,-0.500181731832927,0.542977229808634,-0.789505424910337,-0.260966809440499,-0.15356788205891,NA,0.599252398615745,0.243512576535622,0.245340772505562,-0.292203952370768,0.259171627693955,0.164425628505863,0.359320163108996,0.471491541380942,0.505346504788477,1.1203400702319,0.764978609694924,4.50203379880069,2.19003476245655,1.18070353163098,3.78,33.8
"115",-1.0182114302825,NA,-0.525863338792546,0.478739813647218,-0.15571664802244,-0.276800912123575,-0.162068504888672,NA,0.607050416608841,0.337014016928364,0.271553742038778,-0.310787508615437,0.270972125115306,0.188680061190116,0.346492081940789,0.466966039223327,0.522703704308118,1.06364243960917,0.776815873465753,4.78115072361454,2.31246474901297,1.23640061006609,4.1,36.48
"116",-0.95215777958987,NA,-0.574216635840885,0.454128549865,-0.285119845904684,-0.27659544344521,-0.168388443976502,NA,0.575544360070267,0.413040560977005,0.278283403143025,-0.362392239989474,0.262669163557287,0.214381159669961,0.390767657881371,0.473612998392182,0.565992366135773,1.03430789133247,0.809594456830746,5.28221621677165,2.32123212321232,1.28867843872283,4.22,39.19
"117",-0.899638408368715,NA,-0.677043615858082,0.422381097874556,0.154080488096807,-0.243456434128868,-0.150220993607144,NA,0.527764380108272,0.436215110337732,0.321277375183889,-0.38667243841184,0.256657700815254,0.218215779658686,0.435467678236332,0.470697540547644,0.61698996844801,1.05027301446321,0.805958034011121,5.62442173758324,2.3068669527897,1.34315977539561,4.3,42.1
"118",-0.845679137573384,NA,-0.693640475243446,0.409428976676706,0.13986377581759,-0.202775339963697,-0.118605301708207,-0.235742009152838,0.45952962120388,0.452428168724219,0.362722552010882,-0.445995376145632,0.198940432512886,0.192574546211074,0.37579716906883,0.412834441597766,0.663456010191743,1.03791315300068,0.776628041899131,5.99434249071343,2.45944531658817,1.42941176470588,4.7,46.17
"119",-0.81582435925884,NA,-0.36183192121072,0.391462218813255,0.0400415669814285,-0.20914657296527,-0.119122573002407,-0.262246813231021,0.499960287546212,0.529947152746015,0.382470365162451,-0.497772006683684,0.175567667409086,0.230853443631613,0.333636549753641,0.393210834686416,0.665378032819893,1.00302114803625,0.795155088887549,6.59239162959564,2.67893660531697,1.52228131854923,5.24,50.66
"120",-0.778066932331433,NA,-0.414407803292249,0.376454695443811,-0.0210606157000495,-0.210214530502875,-0.1175053873162,-0.259414642218334,0.582636302074421,0.53933343278232,0.384746966195948,-0.565718658043334,0.134834605341478,0.238182605913177,0.263705655773274,0.375722396697048,0.632715524570651,1.02631209982708,0.81942440840283,7.28781976945873,2.96741854636591,1.60005834305718,5.92,54.85
"121",-0.758840821428366,-0.488297658765725,-0.378094388972011,0.344583229495057,-0.0702163410807346,-0.165658416433126,-0.0848907114857267,-0.24967208082125,0.626406529352323,0.509701241820889,0.409950619927443,-0.622227758580163,0.0753084119478011,0.243135063404658,0.198721833426875,0.376960283006829,0.635923022458575,1.11007870572803,0.839012273959544,8.09737849721398,3.32511100148002,1.67804435883636,6.74,59.24
"122",-0.729627969361687,-0.51376311945643,-0.377330234886002,0.309774084837724,-0.111618058226898,-0.148631862371986,-0.0552466744386304,-0.236549994858391,0.603165206608477,0.467979304216669,0.42406145444385,-0.667570421718602,0.0362487105141407,0.259338673280358,0.13530363446484,0.385771416330204,0.683474361039186,1.21533912827297,0.868688671479461,8.89734866373037,3.72025254978145,1.74662998624484,7.66,63.49
"123",-0.682119926513832,-0.429582360343656,-0.368882944729637,0.295377047464481,-0.142238022512941,-0.116966582911977,-0.0181148595768665,-0.179659553238623,0.557451985300862,0.421734282367404,0.424242784658686,-0.713962414004985,-0.0236520497223174,0.226185004262267,0.0368072827971992,0.366953923521429,0.720721697942655,1.28225324804598,0.874939002888681,9.38859847078203,4.13562559694365,1.79293941580481,8.66,67.09
"124",-0.608679237767727,-0.258653853294898,-0.321007748629699,0.255726048711656,0.0322951353377112,-0.0672587076063191,0.0408001414512015,-0.0916155699531216,0.552666503775685,0.379989817436339,0.45111852789584,-0.748380895692225,-0.0625740030342794,0.186327871330249,-0.059677202436446,0.359203170133508,0.729783176446273,1.34725914672743,0.858328893160741,9.79256503480736,4.58977965307079,1.82087304266535,9.79,70.12
"125",-0.562813508651038,-0.256552281330625,-0.216129493972053,0.228927764690135,0.160738361431346,-0.0520866365771845,0.0210700878288852,-0.0310535070659848,0.534729367055423,0.283187789789413,0.461624882614348,-0.818877304849088,-0.137483477874694,0.114689728626675,-0.148424753088473,0.327454825284954,0.749863816464733,1.49792572105887,0.857214346991299,10.6050132857647,5.06212609295904,1.89699570815451,11,75.14
"126",-0.392357734267447,-0.34892560146164,-0.147203526787283,0.273893647784564,0.308714919931678,-0.0769530086310975,-0.0712100179830572,0.0014235611269231,0.537410657463086,0.248625782380775,0.481245799484368,-0.806182331429888,-0.230941832894816,0.0613772785851272,-0.193464781471555,0.310950720159328,0.766508256232151,1.58927582081403,0.861523412155755,10.7323979802238,5.42740841248304,1.97666421026775,12,80.47
"127",-0.361671844226792,-0.500543033013398,-0.260065725393994,0.251481989592159,0.284106526326172,-0.11157922820377,-0.107482882884542,-0.0430835223160595,0.516925448511558,0.259511826120761,0.454542700297605,-0.795235815452312,-0.267534352045354,0.0446221312776864,-0.230599579218043,0.290231173912621,0.781683295298297,1.57068431979318,0.884059455355648,10.6062079585055,5.62778272484417,2.01626988874267,12.64,84.27
"128",-0.254057252556572,-0.614664738196086,-0.018347905939998,0.245150613901076,0.220459610109346,0.0190216179553886,0.0164832978836021,-0.0142294808500121,0.521372681358822,0.253390210417408,0.444242389960564,-0.809775306059539,-0.350168916279143,0.017927744973659,-0.255962445334999,0.26106909649087,0.789494770123655,1.60323552347895,0.906159559564012,10.9175299939478,5.85601404741001,2.10602454617574,13.34,90.26
"129",-0.281751428523339,-0.749595591614719,-0.0250679541117425,0.115583605847861,0.126902710211622,-0.022451850745723,0.0261914994968015,-0.0522700739540118,0.532957729321678,0.222139755942807,0.448463683441005,-0.815211669100938,-0.40969923769,-0.0312369007853874,-0.28856701796226,0.218735759058586,0.799972253940474,1.69561096475189,0.924971563091142,11.2523275413221,6.20181896925076,2.25219273265748,14.32,98.86
"130",-0.309025223428247,-0.774542425841794,-0.0600113549802952,-0.0356485183041899,0.0857634581757178,-0.0451106376131912,0.00602068151276486,-0.0689048004373758,0.460973226945354,0.183452299397244,0.406406177314506,-0.85351914287326,-0.528752782289226,-0.0920719194457633,-0.347671566907841,0.144889789377617,0.85748728693107,1.75799752240764,0.962241353956797,11.6619018892998,6.56263360410432,2.41861500779336,15.35,108.62
"131",-0.308209897258807,-0.493848541433214,-0.0355975105853381,-0.167485551872613,0.0251384424965622,-0.065106897830836,-0.00686591162460831,-0.0469398537874248,0.414527668945048,0.186853561076204,0.457617596757645,-0.871870819526291,-0.58206741344445,-0.121225992285608,-0.403252659933189,0.123430831333399,0.924188513222209,1.80261481634367,0.940600071683951,12.2208451778409,7.13803292528493,2.54242457248666,16.91,116.71
"132",-0.34461433745565,-0.46313350426635,-0.0714411565286057,0.00255856135700672,-0.00792062839034191,-0.058931515618866,-0.019578082764373,-0.124529098379942,0.392794475530444,0.161389771960631,0.489867388758762,-0.881123969610893,-0.553414874544898,-0.158109509773852,-0.46582350970711,0.11500999962405,0.962117482976454,1.8836085520598,0.927743744925825,12.564602926259,7.74072530220925,2.61176520774678,18.57,122.45
"133",-0.228493253289054,-0.478729994945474,-0.0535837557227787,-0.0203101058314932,0.0871926866487494,0.00790200633521706,0.0146216175941929,-0.129448138005057,0.378750155750931,0.132930493063225,0.468011048001158,-0.897489153631685,-0.536307811619733,-0.18844665065763,-0.511727722917024,0.10311794097665,0.994612985540119,1.97549988789466,0.966599956154929,13.0191528388005,8.26122118883947,2.69417272803277,20.43,128.9
"134",-0.0809276212816403,-0.510430482046895,0.015360387680285,0.0707241800693943,0.0646590989321432,0.00663195293441384,-0.0259350906867445,-0.0749336405369871,0.34106549943394,0.158860604768252,0.459749709262004,-0.906267505098922,-0.599087117606616,-0.212308410832299,-0.541693315216979,0.0819115651117461,1.04745230500031,1.95222377919603,0.988435917784961,13.3201467187354,8.63320463320463,2.79093126703975,22.36,136.15
"135",-0.0639006782487639,-0.502639302994552,-0.0608805292425143,0.0503512279876954,0.0313870092173021,-0.0871802375967964,-0.0831424002211383,-0.16166487915118,0.240830260827516,0.145633538304633,0.3892736581606,-0.968562055302297,-0.715701610887102,-0.282865431381868,-0.619058528276969,0.00970404987445428,1.11507229544179,1.90507114144517,1.0213933744753,13.6521278206876,8.98273273273273,2.8889872450006,23.93,143.6
"136",-0.00240684006561676,-0.300268753542167,-0.0546092990125291,0.0167431924099679,0.104798729933839,-0.0844681138716757,-0.0681062731854036,-0.152891465852912,0.187164061090492,0.14955006654568,0.387235205661643,-0.969151551484819,-0.782199078532436,-0.290842082727054,-0.663894066832405,0.00577380453345966,1.21581293662166,1.96095248986645,1.05763332134622,14.1160491144192,9.70816401920946,2.99715572410524,26.28,151.74
"137",0.103913610441926,-0.394068939714091,-0.0698270875054292,-0.051057970491259,0.0241990946427757,-0.161363497116264,-0.15588690368205,-0.146586547584306,0.131647644021961,0.161367639410874,0.409159370982318,-0.974250440610454,-0.805059550056269,-0.256647333927689,-0.659495436735523,0.0119285484108425,1.33552632209155,2.01377054074562,1.07519887021286,14.7435748342831,10.0438917337235,3.09536277418979,27.46,159.6
"138",0.166416148172168,-0.408158377967864,-0.150997093738244,-0.294234279293284,0.0428699766925105,-0.156158333093304,-0.174376150517937,-0.159790020308007,0.0910450624582961,0.163855789969637,0.416587758389531,-0.993810448219652,-0.85936005244391,-0.203606680603539,-0.60728526338897,0.00653716348502442,1.42753667669265,2.06172500990159,1.09537805928848,15.4311732701469,9.78427787934187,3.19414296050878,26.76,167.75
"139",0.305729511790533,-0.138681531459967,-0.15281871384186,-0.53295125489841,0.0274037825952709,-0.105418249500903,-0.139626511438273,-0.1679473521889,0.0338464103393403,0.139143765594747,0.406517564031525,-0.997787517597137,-0.967813331876752,-0.196507790549765,-0.656668135982025,-0.0374666704058553,1.52758986547494,2.13570600814786,1.1181907668687,15.6568575932738,10.3885257806826,3.37321021346592,28.61,180.46
"140",0.349028115609731,0.0131895822352428,-0.0571144806298411,-0.505459710103078,0.0310826695645492,0.0422339418976131,-0.0406053807944775,-0.0576772421642504,0.00671995749916388,0.14401450877195,0.396033555074956,-1.0204999151279,-1.02560930500395,-0.195464274775736,-0.708208658700633,-0.0878006582556756,1.63415636240853,2.21274875184586,1.17645419055826,16.6753301948477,11.3879003558719,3.69325378614043,32,201.19
"141",0.359851703083028,0.166883561259481,0.182461285995799,-0.359966560361268,0.0323854485893609,0.247910396994619,0.0873288207416436,0.0828112195018655,0.000929564369018365,0.110075133068366,0.356726337871327,-1.05235106356081,-1.07803836516108,-0.232582441627176,-0.76199931133973,-0.169824896967812,1.67831084367737,2.33741509119249,1.24942440339709,17.5780734952997,12.2706818968501,4.09351024460691,35.45,226.76
"142",0.409128253589068,0.158959436969972,0.239938038210199,-0.266800810506498,-0.0371394872688198,0.233760430969363,0.0300545625996065,0.0442956772078094,0.0095847600566632,0.0698303945678385,0.339839504172045,-1.08056540257954,-1.12993591445069,-0.286320049387908,-0.808450893191078,-0.245605833234506,1.69715099057784,2.48210927041972,1.29613676024522,18.4430011270849,13.1114084978254,4.50416310845431,39.19,253.17
"143",0.620670886287978,0.19152016935575,0.297401474269462,-0.297202627157242,-0.000704068909814559,0.281078652680581,-0.0163714436042176,0.0446002275712365,-0.0436953664605144,-0.00825406177699484,0.309938110723197,-1.14608205497942,-1.23066802852472,-0.353961707182141,-0.866336670003849,-0.344264047703389,1.75824137366872,2.63603573608568,1.31176363346323,19.3421105803813,13.6460692332578,4.88291962590535,42.18,277.76
"144",0.652350773831633,0.15945399284771,0.497803722856833,-0.356985048380805,-0.0175879512953516,0.226283114743033,-0.0845062039002737,0.010840895371186,-0.11751093325131,-0.0761839136585725,0.288170686897128,-1.16792377162228,-1.3068165036198,-0.441061999691704,-0.906274338457039,-0.427418523919181,1.87806110331426,2.79915135913434,1.330094776934,19.6138625831151,14.0904806786051,5.264615223865,44.85,302.31
"145",0.522402691063754,0.0512961615399545,0.426487316629543,-0.52846185173498,-0.0917875023347436,0.0708330410926677,-0.201951220260743,-0.0995089903946966,-0.168370014785637,-0.0993266086031597,0.283458976448942,-1.14051344949173,-1.3116388649566,-0.471390608318196,-0.940192859800148,-0.475595142247878,2.03593054565782,2.95149838041916,1.37687425542152,19.6618508960228,15.018337408313,5.69186900544371,49.14,329.36
"146",0.641663349993301,0.00415183762640137,0.474232183844278,-0.652929709850708,-0.116821470270987,0.0711414450493137,-0.245399079421523,-0.134560693768155,-0.220562967060968,-0.123845599321312,0.273947260694104,-1.10651254346057,-1.34982292773043,-0.49876096040954,-0.995429492311865,-0.518101468823593,2.21116021931623,3.11803621169916,1.43289810492805,19.5906179608654,16.3606654783125,6.12216884008236,55.07,356.8
"147",0.684747660745189,0.0464701852742371,0.475081445130078,-0.673069677615287,-0.100472800460283,0.0990794018808236,-0.262687932913006,-0.104010516170237,-0.301042968804776,-0.155770762099939,0.253991850962212,-1.09171879089233,-1.39994467657744,-0.550018492316761,-1.01241876997463,-0.57138243132527,2.46418185080257,3.31014179720559,1.50308089297328,19.8483226837061,17.1111751152074,6.63965405699888,59.41,390
"148",0.62130261823537,0.063519898447626,0.528805037709966,-0.53523893041009,-0.100144998964591,0.114399376936277,-0.242801147993414,-0.0985085340632592,-0.341913392950171,-0.187663774155001,0.225094039451713,-1.08625977379394,-1.43944794271485,-0.585815292067436,-1.03839209825786,-0.599594390530172,2.636205491565,3.50957286367935,1.58887312903587,20.2726114649682,18.0350194552529,7.01381742108549,64.89,415.73
"149",0.616423279683683,0.0965653400034254,0.537406518785748,-0.367491476165102,-0.000400950769561703,0.131945733630522,-0.203350679127275,-0.0720224565195013,-0.340538071875197,-0.200364460027275,0.211154977366836,-1.0808151056139,-1.46741368342802,-0.619048101178849,-1.03595635516317,-0.593047286324808,2.7050619661664,3.65229083364388,1.6555340984555,20.7176436955037,18.4864720064291,7.15988978876179,69.01,428.77
"150",0.478189891495091,0.783726131111528,0.405632884073098,-0.422626738678313,0.198001753163047,0.307832761069594,-0.226344741405711,0.170542886747783,-0.324023844486017,-0.102667902011564,0.216063418395444,-1.03770781483935,-1.42296059139261,-0.575141287863151,-1.00823011413244,-0.479678710930176,2.751089194623,3.42480436282075,1.70335791204711,20.5172236259515,18.5914034179182,6.60952852778466,71.8,400.24
"151",0.428731400152582,0.588599647618527,0.329715113435803,-0.506519258119717,0.088091659631325,0.292022034314699,-0.224919943936391,0.0130816831433638,-0.310382168138757,0.0571891039682899,0.207402783953305,-0.987124077270683,-1.38823395376596,-0.463968452538469,-0.95004783858848,-0.38047628494577,2.81965951408403,3.03268466124449,1.7851868541423,20.2659448352169,18.2247020035506,6.21876173220378,71.86,380.98
"152",0.458133055284952,0.400188012390298,0.349217801732943,-0.616594951429843,0.0211937126483956,0.282164454108844,-0.207324474019952,0.0406449155481869,-0.350953316086148,0.0586180182807681,0.185141533594476,-0.969703837113269,-1.46452253963037,-0.51070006161384,-0.989201803137951,-0.408318878161372,3.01567953947316,3.11010735479144,1.87465050627009,20.4536131271695,19.4640621086902,6.56696190891051,77.72,407.04
"153",0.319811520510043,0.43610853723824,0.24902867878734,-0.680828138147431,-0.0908951484885669,0.136946120466474,-0.317216364721662,0.0116777698426009,-0.430751654987855,0.0295708969965971,0.171895597576341,-0.976805937195873,-1.50596700071691,-0.525723576983897,-1.02106982746552,-0.415400413774491,3.28907206797722,3.2242046993419,1.91295684287755,20.743720966853,20.2351212343865,6.659968743023,82.62,417.62
"154",0.325269033645132,0.321628348901023,0.244250493608348,-0.570644621362667,-0.0566605089449812,0.12525053982823,-0.284456024352717,0.0225172061967278,-0.472114017121375,0.038280896919872,0.160729336781746,-0.941838963095154,-1.5306737982913,-0.496689769522279,-0.96185454276204,-0.413028539792455,3.5174297188755,3.27965752398082,1.98492092991032,20.5536658365869,19.569401010344,6.8175870603629,81.35,432.46
"155",0.463175509976003,0.271079330592658,0.336181029112467,-0.48045127849214,-0.0213856039994544,0.247584656005129,-0.179420614837396,0.115218619162084,-0.539985937684355,0.0223807902510373,0.157272664859553,-0.936597442121109,-1.55887301392697,-0.521186782888264,-0.985900017987053,-0.444387799936473,3.8365228900654,3.39601647336928,2.02992685529364,20.8376573497829,20.4294330518697,7.1694495112483,84.68,459.87
"156",0.660962061322474,0.409687445002628,0.473038319168474,-0.332554050383311,0.141192240440147,0.461756341641756,0.0124476525827481,0.25885407809891,-0.605891978149733,0.0231311266403991,0.114837505727546,-0.930030969135588,-1.56720247683783,-0.538066841464161,-1.04664017360948,-0.473013656377378,4.22114966438071,3.49553977789914,2.18162485052703,21.3239392516048,22.3617483699589,7.59955547323578,92.6,492.36
"157",0.708959231374149,0.495177637550488,0.493488300056832,-0.289652210522936,0.0941626705158418,0.517875111022034,0.0506941468426599,0.304200115307984,-0.679096637468349,0.000725407533767042,0.0676690230540262,-0.921096425348016,-1.57773270270271,-0.550548556106185,-1.07284772452643,-0.494207491429003,4.6346405641058,3.64785743448474,2.33376977973608,21.5665234371943,23.4250474383302,7.92109976577928,98.76,517.43
"158",0.694659832489454,0.416881946940475,0.474640968772752,-0.189765178240829,0.0275622429781635,0.489145272734022,0.0532874916666996,0.269501656214714,-0.763590542831547,-0.0198592179672179,0.0136253546626488,-0.923075592497957,-1.60809345373839,-0.570685092152679,-1.11821028269911,-0.523761143938197,5.12606989605085,3.78486919215374,2.50381425208947,21.9640746683364,24.9146285186894,8.29265694896686,107.98,545.01
"159",0.717248648082973,0.361199256266741,0.478343606276345,-0.0818428216669451,0.0247605122037173,0.493899961459325,0.065250356887547,0.220428136124764,-0.864623345701123,-0.044910971077484,-0.0455186962823242,-0.922368072364232,-1.63188301558327,-0.585580239558362,-1.14558492628066,-0.544225484124261,5.78932072885071,3.96182976441195,2.71177179827518,22.4063304712632,26.1401557285873,8.64064868141861,117.5,570.11
"160",0.741607218113112,0.47692710244134,0.48989294511528,0.00375545970905655,0.171343557137282,0.561284535157038,0.104639953517337,0.25835676862531,-0.964478007040496,-0.0744477598853779,-0.101395454064988,-0.917536880163903,-1.65941031315934,-0.618304597147008,-1.15079132205703,-0.579375419804449,6.50840479235887,4.15149092034668,2.91743188453987,22.6857527576192,26.7331353415358,9.10526077028927,126.02,602.14
"161",0.496974793908018,0.356063984718479,0.400685067702868,-0.279887214507131,0.255533867115811,0.40619053928618,-0.0786010043579724,0.12012270145436,-1.04376327046607,-0.113634865904955,-0.125153681128742,-0.867484299556841,-1.65537658548164,-0.594147808042172,-1.07678903511112,-0.546965141491746,7.01793279606735,4.3005532825981,2.97591339648173,21.4939944057478,24.7293447293447,8.78048043967327,121.52,581.54
"162",0.69121073451115,0.413738255696733,0.455508831952461,-0.134950369763905,0.351914242446493,0.570943819229355,0.0760937354091613,0.263206358254793,-1.14223278946227,-0.151970334702621,-0.204253830305849,-0.873663187933683,-1.69799725558974,-0.628825372966408,-1.15580646022166,-0.601662156418112,7.75969420367288,4.47758509632678,3.22733226422324,21.6706142552391,26.8163751987281,9.29273439855291,134.94,616.48
"163",0.758969780939953,0.431150850934078,0.481143703632087,-0.0830997993981795,0.418387484864667,0.597014374166695,0.0946114750431809,0.295782828634071,-1.222893086326,-0.191894933736123,-0.275261324542578,-0.882672730358015,-1.73143585933893,-0.651563936810603,-1.21772181674724,-0.629834672552012,8.48711852626335,4.70184404658209,3.49596584774887,22.0632433364151,28.7855750487329,9.64415166418505,147.67,641.23
"164",0.738323970112109,0.471318740230759,0.56758207103243,-0.0720583017945886,0.450581927313461,0.638596233936333,0.0820987455597207,0.336522467718662,-1.27930368698515,-0.220708139787765,-0.297222243432288,-0.876547442430989,-1.73305752983111,-0.667639228603702,-1.21575043146584,-0.604444402849127,9.16670686715951,4.94010182079052,3.64803461895873,22.385326848828,29.327362804878,9.59823637917848,153.91,640.02
"165",0.723617013084172,0.51323622839124,0.570864621361172,0.0578342563615433,0.433605160813816,0.638764148984444,0.0477965645455329,0.310461078557344,-1.3398940437838,-0.259817375089677,-0.323827114552697,-0.873162525795307,-1.743542967764,-0.694099443413773,-1.2117337518249,-0.665191827464972,9.81040413932253,5.1746421597246,3.77374714021792,22.4725774813652,29.4230769230769,10.2738497413974,157.59,687.3
"166",0.59331610510917,0.52635847010449,0.517456641055182,0.09765062727823,0.300560365004007,0.577511957451853,-0.0366702498544152,0.260370626561161,-1.37857464015435,-0.292596335602376,-0.355226687108409,-0.889046545905778,-1.76766776429505,-0.725288829607054,-1.22787863755074,-0.661655409413565,10.2801856268279,5.39052833026311,3.92576904850167,23.0179433765742,30.1449807304092,10.3207831100913,164.26,692.7
